{"name":"d2a0fe94-c589-410a-95f9-0dfe8dc72b38","id":"/providers/Microsoft.Flow/flows/d2a0fe94-c589-410a-95f9-0dfe8dc72b38","type":"Microsoft.Flow/flows","properties":{"apiId":"/providers/Microsoft.PowerApps/apis/shared_logicflows","displayName":"Get More Than 5000 Records in Dataverse and Create CSV","definition":{"metadata":{"workflowEntityId":null,"processAdvisorMetadata":null,"flowclientsuspensionreason":"None","flowclientsuspensiontime":null,"flowclientsuspensionreasondetails":null,"creator":{"id":"9391a6ab-b4f1-46e1-aced-bd1eb9c10383","type":"User","tenantId":"37ac31e4-f664-4f52-90e5-13173f3460ca"},"provisioningMethod":"FromDefinition","failureAlertSubscription":true,"clientLastModifiedTime":"2023-01-10T13:55:22.8252707Z"},"$schema":"https://schema.management.azure.com/providers/Microsoft.Logic/schemas/2016-06-01/workflowdefinition.json#","contentVersion":"1.0.0.0","parameters":{"$connections":{"defaultValue":{},"type":"Object"},"$authentication":{"defaultValue":{},"type":"SecureObject"}},"triggers":{"manual":{"metadata":{"operationMetadataId":"49967c3e-63aa-4ca1-bb95-5fb756b09187"},"type":"Request","kind":"Button","inputs":{"schema":{"type":"object","properties":{"key-button-date":{"title":"Date","type":"string","x-ms-dynamically-added":false},"location":{"type":"object","properties":{"fullAddress":{"title":"Full address","type":"string","x-ms-dynamically-added":false},"address":{"type":"object","properties":{"countryOrRegion":{"title":"Country/Region","type":"string","x-ms-dynamically-added":false},"city":{"title":"City","type":"string","x-ms-dynamically-added":false},"state":{"title":"State","type":"string","x-ms-dynamically-added":false},"street":{"title":"Street","type":"string","x-ms-dynamically-added":false},"postalCode":{"title":"Postal code","type":"string","x-ms-dynamically-added":false}},"required":["countryOrRegion","city","state","street","postalCode"]},"coordinates":{"type":"object","properties":{"latitude":{"title":"Latitude","type":"number","x-ms-dynamically-added":false},"longitude":{"title":"Longitude","type":"number","x-ms-dynamically-added":false}},"required":["latitude","longitude"]}}}},"required":["key-button-date","location"]},"headersSchema":{"x-ms-user-name-encoded":{"title":"User name","type":"string","format":"byte","x-ms-dynamically-added":false},"x-ms-user-email-encoded":{"title":"User email","type":"string","format":"byte","x-ms-dynamically-added":false},"x-ms-user-timestamp":{"title":"Timestamp","type":"string","x-ms-dynamically-added":false}}}}},"actions":{"Initialize_Total_Record_Count":{"runAfter":{"Initialize_Final_Output_Array":["Succeeded"]},"metadata":{"operationMetadataId":"f19e6fe8-58c6-4d1a-9a58-afa6382ddee3"},"type":"InitializeVariable","inputs":{"variables":[{"name":"Total Record Count","type":"integer"}]}},"Initialize_Page_Number":{"runAfter":{"Initialize_Total_Record_Count":["Succeeded"]},"metadata":{"operationMetadataId":"cd34cf04-1d7e-485c-86a9-abbdf65751bc"},"type":"InitializeVariable","inputs":{"variables":[{"name":"Page Number","type":"integer","value":1}]}},"Initialize_Fetch_Xml_Paging_Cookie":{"runAfter":{"Initialize_Page_Number":["Succeeded"]},"metadata":{"operationMetadataId":"55581a08-7cb2-4b7c-a05d-c23362427d1d"},"type":"InitializeVariable","inputs":{"variables":[{"name":"FetchXml Paging Cookie","type":"string"}]}},"Initialize_Paging_Cookie":{"runAfter":{"Initialize_Fetch_Xml_Paging_Cookie":["Succeeded"]},"metadata":{"operationMetadataId":"7b136fc2-5030-43b7-b439-93cbda2bb076"},"type":"InitializeVariable","inputs":{"variables":[{"name":"Paging Cookie","type":"string"}]}},"Initialize_More_Records":{"runAfter":{"Initialize_Paging_Cookie":["Succeeded"]},"metadata":{"operationMetadataId":"7ce60390-ddfa-4a8f-b7fa-acc10f646650"},"type":"InitializeVariable","inputs":{"variables":[{"name":"More Records","type":"boolean","value":"@true"}]}},"Initialize_JSON_for_Xml_Parsing":{"runAfter":{"Initialize_More_Records":["Succeeded"]},"metadata":{"operationMetadataId":"219ccfe2-8570-4789-b8f3-f26a53e34ee4"},"type":"InitializeVariable","inputs":{"variables":[{"name":"JSON For Xml Parsing","type":"object","value":{"a":""}}]}},"Do_until_No_More_Records":{"actions":{"List_Accounts":{"runAfter":{},"metadata":{"operationMetadataId":"82fd5bc8-50b2-410f-99d0-8d39c2eba35f"},"type":"OpenApiConnection","inputs":{"host":{"apiId":"/providers/Microsoft.PowerApps/apis/shared_commondataserviceforapps","connectionName":"shared_commondataserviceforapps","operationId":"ListRecords"},"parameters":{"entityName":"accounts","fetchXml":"<fetch count='500' page='@{variables('Page Number')}'  @{if(equals(variables('Page Number'),1),'',concat('paging-cookie=''', substring(first(skip(split(string(xml(setProperty(variables('JSON For Xml Parsing'),'a',variables('Paging Cookie')))),'<'),1)),2),''''))}>\n<entity name='account'>\n<attribute name='name'/>\n</entity>\n</fetch>"},"authentication":"@parameters('$authentication')"}},"Increment_Record_Count_for_Each_Iteration":{"runAfter":{"Set_Final_Output_Array":["Succeeded"]},"metadata":{"operationMetadataId":"e6605bc2-1380-4566-bc74-a54b1b617034"},"type":"IncrementVariable","inputs":{"name":"Total Record Count","value":"@length(outputs('List_Accounts')?['body/value'])"}},"Increment_Page_Number":{"runAfter":{"Increment_Record_Count_for_Each_Iteration":["Succeeded"]},"metadata":{"operationMetadataId":"c438ec69-c97e-4294-bd6a-e7f02bca543a"},"type":"IncrementVariable","inputs":{"name":"Page Number","value":1}},"Set_FetchXml_Paging_Cookie":{"runAfter":{"Increment_Page_Number":["Succeeded"]},"metadata":{"operationMetadataId":"14228f77-2de3-4bce-82e2-c1500c710a8a"},"type":"SetVariable","inputs":{"name":"FetchXml Paging Cookie","value":"@{if(empty(outputs('List_Accounts')?['body']?['@Microsoft.Dynamics.CRM.fetchxmlpagingcookie']),'',decodeUriComponent(decodeUriComponent(outputs('List_Accounts')?['body']?['@Microsoft.Dynamics.CRM.fetchxmlpagingcookie'])))}"}},"Set_Paging_Cookie":{"runAfter":{"Set_FetchXml_Paging_Cookie":["Succeeded"]},"metadata":{"operationMetadataId":"8fc4486c-5386-480e-8e2c-cf39720848e2"},"type":"SetVariable","inputs":{"name":"Paging Cookie","value":"@{if(empty(variables('FetchXml Paging Cookie')),'',replace(substring(variables('FetchXml Paging Cookie'),add(indexOf(variables('FetchXml Paging Cookie'),'pagingcookie=\"'),14)),'\" istracking=\"False\" />',''))}"}},"Set_More_Records":{"runAfter":{"Set_Paging_Cookie":["Succeeded"]},"metadata":{"operationMetadataId":"bb262ad3-28e4-4525-8d1b-7b1995210cb3"},"type":"SetVariable","inputs":{"name":"More Records","value":"@if(empty(string(outputs('List_Accounts')?['body']?['@Microsoft.Dynamics.CRM.morerecords'])), false, outputs('List_Accounts')?['body']?['@Microsoft.Dynamics.CRM.morerecords'])"}},"Compose_Existing_with_Current":{"runAfter":{"List_Accounts":["Succeeded"]},"metadata":{"operationMetadataId":"6719c844-581d-4aa2-874d-59559c9c757d"},"type":"Compose","inputs":"@union(variables('Final Output'),outputs('List_Accounts')?['body/value'])"},"Set_Final_Output_Array":{"runAfter":{"Compose_Existing_with_Current":["Succeeded"]},"metadata":{"operationMetadataId":"b56c9320-bcbd-4a77-a814-1fa1427549e8"},"type":"SetVariable","inputs":{"name":"Final Output","value":"@outputs('Compose_Existing_with_Current')"}}},"runAfter":{"Initialize_JSON_for_Xml_Parsing":["Succeeded"]},"expression":"@equals(variables('More Records'), false)","limit":{"count":10,"timeout":"PT1H"},"metadata":{"operationMetadataId":"b80576f3-6ce5-4992-b9ee-52aa1dda4a44"},"type":"Until"},"Initialize_Final_Output_Array":{"runAfter":{},"metadata":{"operationMetadataId":"ab4cb822-8c42-455e-abb2-f735625129d1"},"type":"InitializeVariable","inputs":{"variables":[{"name":"Final Output","type":"array"}]}},"Create_CSV_table":{"runAfter":{"Do_until_No_More_Records":["Succeeded"]},"metadata":{"operationMetadataId":"66aee4e5-62a2-4f88-82ba-2af4a76dd6c2"},"type":"Table","inputs":{"from":"@variables('Final Output')","format":"CSV"}},"Create_file":{"runAfter":{"Create_CSV_table":["Succeeded"]},"metadata":{"operationMetadataId":"00a91334-84b3-45ef-8be6-7986d41f4835"},"type":"OpenApiConnection","inputs":{"host":{"apiId":"/providers/Microsoft.PowerApps/apis/shared_sharepointonline","connectionName":"shared_sharepointonline","operationId":"CreateFile"},"parameters":{"dataset":"https://ltiblogs.sharepoint.com/sites/Development","folderPath":"/Shared Documents","name":"@concat('Accounts_',utcNow(),'.csv')","body":"@body('Create_CSV_table')"},"authentication":{"value":"@json(decodeBase64(triggerOutputs().headers['X-MS-APIM-Tokens']))['$ConnectionKey']","type":"Raw"}},"runtimeConfiguration":{"contentTransfer":{"transferMode":"Chunked"}}}}},"connectionReferences":{"shared_commondataserviceforapps":{"connectionName":"shared-commondataser-3e8b8589-fa6e-4a48-a564-bff2-e7404cc9","source":"Embedded","id":"/providers/Microsoft.PowerApps/apis/shared_commondataserviceforapps","tier":"NotSpecified"},"shared_sharepointonline":{"connectionName":"82e097e50a5c48e5bb6b6cb01e535860","source":"Invoker","id":"/providers/Microsoft.PowerApps/apis/shared_sharepointonline","tier":"NotSpecified"}},"flowFailureAlertSubscribed":false,"isManaged":false}}